INSERT INTO USERINFO (USER_ID, EMAIL, SEL_PASSWORD, CELLPHONE, USERNAME, FULLNAME) VALUES ('1', 's@gmail.com', '$2a$09$0T4GrFMfF.Dj255xpeo77uW5GFP7ouwJt4/QY3vYqUCV8lohKcMY2', '647', 'muffin', 'Carlos');
INSERT INTO USERINFO (USER_ID, EMAIL, SEL_PASSWORD, CELLPHONE, USERNAME, FULLNAME) VALUES ('2', 'g@gmail.com', '$2y$11$GEYdzoEV5SRWz3bHtXolQ.111sM6zOFGX6LKVNEPXIoI4WovI/gz6', '416', 'blaster', 'John');
INSERT INTO USERINFO (USER_ID, EMAIL, SEL_PASSWORD, CELLPHONE, USERNAME, FULLNAME) VALUES ('3', 'c@gmail.com', '789', '549', 'two', 'Smith');

INSERT INTO SPORTS (SPORT_ID, SPORT_NAME) VALUES ('1', 'Basketball');
INSERT INTO LEAGUE (LEAGUE_ID, LEAGUE_NAME, SPORTS_SPORT_ID) VALUES ('1', 'NBA', '1');

INSERT INTO TEAMS (TEAM_ID, TEAM_NAME, LEAGUE_LEAGUE_ID) VALUES ('1', 'Raptors', '1');
INSERT INTO TEAMS (TEAM_ID, TEAM_NAME, LEAGUE_LEAGUE_ID) VALUES ('2', 'Bucks', '1');
INSERT INTO TEAMS (TEAM_ID, TEAM_NAME, LEAGUE_LEAGUE_ID) VALUES ('3', 'Lakers', '1');
INSERT INTO TEAMS (TEAM_ID, TEAM_NAME, LEAGUE_LEAGUE_ID) VALUES ('4', 'Clippers', '1');
INSERT INTO TEAMS (TEAM_ID, TEAM_NAME, LEAGUE_LEAGUE_ID) VALUES ('5', 'Spurs', '1');
INSERT INTO TEAMS (TEAM_ID, TEAM_NAME, LEAGUE_LEAGUE_ID) VALUES ('6', 'Atlanta', '1');
INSERT INTO TEAMS (TEAM_ID, TEAM_NAME, LEAGUE_LEAGUE_ID) VALUES ('7', 'Heat', '1');
INSERT INTO TEAMS (TEAM_ID, TEAM_NAME, LEAGUE_LEAGUE_ID) VALUES ('8', 'Pacers', '1');
INSERT INTO TEAMS (TEAM_ID, TEAM_NAME, LEAGUE_LEAGUE_ID) VALUES ('9', 'Magic', '1');
INSERT INTO TEAMS (TEAM_ID, TEAM_NAME, LEAGUE_LEAGUE_ID) VALUES ('10', 'Bulls', '1');
INSERT INTO TEAMS (TEAM_ID, TEAM_NAME, LEAGUE_LEAGUE_ID) VALUES ('11', 'Hawks', '1');
INSERT INTO TEAMS (TEAM_ID, TEAM_NAME, LEAGUE_LEAGUE_ID) VALUES ('12', 'Nets', '1');

INSERT INTO MATCHS (MATCH_ID, HOME_TEAM_ID, AWAY_TEAM_ID, date_FOR, SPORT_ID) VALUES ('1', '1', '2', TO_DATE('2020-03-22 13:30:28', 'YYYY-MM-DD HH24:MI:SS'), '1');
INSERT INTO MATCHS (MATCH_ID, HOME_TEAM_ID, AWAY_TEAM_ID, date_FOR, SPORT_ID) VALUES ('2', '3', '4', TO_DATE('2020-03-22 13:30:28', 'YYYY-MM-DD HH24:MI:SS'), '1');
INSERT INTO MATCHS (MATCH_ID, HOME_TEAM_ID, AWAY_TEAM_ID, date_FOR, SPORT_ID) VALUES ('3', '4', '5', TO_DATE('2020-03-30 16:06:33', 'YYYY-MM-DD HH24:MI:SS'), '1');
INSERT INTO MATCHS (MATCH_ID, HOME_TEAM_ID, AWAY_TEAM_ID, date_FOR, SPORT_ID) VALUES ('4', '6', '7', TO_DATE('2020-03-30 16:06:43', 'YYYY-MM-DD HH24:MI:SS'), '1');
INSERT INTO MATCHS (MATCH_ID, HOME_TEAM_ID, AWAY_TEAM_ID, date_FOR, SPORT_ID) VALUES ('5', '4', '5', TO_DATE('2020-04-01 16:06:33', 'YYYY-MM-DD HH24:MI:SS'), '1');
INSERT INTO MATCHS (MATCH_ID, HOME_TEAM_ID, AWAY_TEAM_ID, date_FOR, SPORT_ID) VALUES ('6', '6', '7', TO_DATE('2020-04-02 16:06:43', 'YYYY-MM-DD HH24:MI:SS'), '1');

INSERT INTO MATCHSTAT (MATCHSTAT_ID, HOME_TEAM_RESULT, AWAY_TEAM_RESULT, MATCHS_MATCH_ID) VALUES ('1', '25', '12', '1');
INSERT INTO MATCHSTAT (MATCHSTAT_ID, HOME_TEAM_RESULT, AWAY_TEAM_RESULT, MATCHS_MATCH_ID) VALUES ('2', '125', '56', '2');
INSERT INTO MATCHSTAT (MATCHSTAT_ID, HOME_TEAM_RESULT, AWAY_TEAM_RESULT, MATCHS_MATCH_ID) VALUES ('3', '56', '32', '3');
INSERT INTO MATCHSTAT (MATCHSTAT_ID, HOME_TEAM_RESULT, AWAY_TEAM_RESULT, MATCHS_MATCH_ID) VALUES ('4', '56', '56', '4');

INSERT INTO BETS (BET_ID, ENDDATE, DESCRIPTION, STARTDATE, HOMEODDS, AWAYODDS, MATCHS_MATCH_ID) VALUES ('1', TO_DATE('2020-03-22 18:28:56', 'YYYY-MM-DD HH24:MI:SS'), 'Starting', TO_DATE('2020-03-22 13:29:05', 'YYYY-MM-DD HH24:MI:SS'), '2.7', '1.3', '1');
INSERT INTO BETS (BET_ID, ENDDATE, DESCRIPTION, STARTDATE, HOMEODDS, AWAYODDS, MATCHS_MATCH_ID) VALUES ('2', TO_DATE('2020-03-22 19:05:27', 'YYYY-MM-DD HH24:MI:SS'), 'Nothing', TO_DATE('2020-03-22 16:05:35', 'YYYY-MM-DD HH24:MI:SS'), '2.7', '1.3', '2');
INSERT INTO BETS (BET_ID, ENDDATE, DESCRIPTION, STARTDATE, HOMEODDS, AWAYODDS, MATCHS_MATCH_ID) VALUES ('3', TO_DATE('2020-03-22 21:08:22', 'YYYY-MM-DD HH24:MI:SS'), 'First Quarter', TO_DATE('2020-03-30 16:08:30', 'YYYY-MM-DD HH24:MI:SS'), '2', '3.3', '3');
INSERT INTO BETS (BET_ID, ENDDATE, DESCRIPTION, STARTDATE, HOMEODDS, AWAYODDS, MATCHS_MATCH_ID) VALUES ('4', TO_DATE('2020-03-26 16:08:51', 'YYYY-MM-DD HH24:MI:SS'), 'DOinG it', TO_DATE('2020-03-30 16:09:11', 'YYYY-MM-DD HH24:MI:SS'), '1', '2.5', '4');
INSERT INTO BETS (BET_ID, ENDDATE, DESCRIPTION, STARTDATE, HOMEODDS, AWAYODDS, MATCHS_MATCH_ID) VALUES ('5', TO_DATE('2020-03-27 16:06:33', 'YYYY-MM-DD HH24:MI:SS'), 'Second Quarter', TO_DATE('2020-04-01 16:06:33', 'YYYY-MM-DD HH24:MI:SS'), '2', '3.3', '3');
INSERT INTO BETS (BET_ID, ENDDATE, DESCRIPTION, STARTDATE, HOMEODDS, AWAYODDS, MATCHS_MATCH_ID) VALUES ('6', TO_DATE('2020-03-27 16:06:43', 'YYYY-MM-DD HH24:MI:SS'), 'DOinG it', TO_DATE('2020-04-02 16:06:33', 'YYYY-MM-DD HH24:MI:SS'), '1', '2.5', '4');

INSERT INTO USERBET (USERBET_ID, BET_AMOUNT, TIMESTAMP, USERS_USER_ID, BETS_BET_ID) VALUES ('1', '70', TO_DATE('2020-03-22 16:01:47', 'YYYY-MM-DD HH24:MI:SS'), '1', '1');

INSERT INTO ROLE (USERNAME, AUTH_GROUP) VALUES('muffin', 'USER');
INSERT INTO ROLE (USERNAME, AUTH_GROUP) VALUES('muffin', 'ADMIN');
INSERT INTO ROLE (USERNAME, AUTH_GROUP) VALUES('blaster', 'USER');